;1960;1961;;1962;;1963;;1964;;1965;;1966;;1967;;1968;;1969;;1970;;1971;;1972;;1973;;1974;;1975;;1976;;1977;;1978;;1979;;1980;;1981;;1982;;1984;;1985;;1986;;1987;;1988;;1989;;1990;;1991;;1992;;1993;;1994;;1995;;1996;;1997;;1998;;1999;;2000;;2001;;2002;;2003;;2004;;2005;;2006;;2007;;2008;;2009;;2010;;2011;;2012;;2013;;2014;;2015;;2016;;2017;;2018;;2019;;2020;;2021;;2022;;2023;
0 Jahre;74.07;74.43;e;74.84;e;75.22;e;75.57;e;75.86;e;76.04;e;76.23;e;76.38;e;76.42;e;76.56;e;76.66;e;76.82;e;76.92;e;77.09;e;77.3;e;77.59;e;77.78;e;77.88;e;78.09;e;78.24;e;78.36;e;78.55;e;78.81;e;78.97;e;79.03;e;79.13;e;79.28;e;79.35;e;79.46;e;79.58;e;79.67;e;79.77;e;79.81;e;79.9;e;79.95;e;80.02;e;80.07;e;80.1;e;80.17;e;80.19;e;80.24;e;80.26;e;80.32;e;80.35;e;80.38;e;80.41;e;80.46;e;80.49;e;80.51;e;80.53;e;80.58;e;80.6;e;80.6;e;80.63;e;80.63;e;80.66;e;80.68;e;80.69;e;80.73;e;80.73;e;80.75;e;80.76;e
1 Jahr;76.04;76.19;e;76.39;e;76.61;e;76.76;e;76.93;e;77.07;e;77.21;e;77.32;e;77.42;e;77.54;e;77.59;e;77.71;e;77.8;e;77.89;e;77.97;e;78.05;e;78.11;e;78.16;e;78.26;e;78.36;e;78.42;e;78.52;e;78.66;e;78.78;e;78.82;e;78.89;e;78.98;e;79.04;e;79.1;e;79.17;e;79.21;e;79.27;e;79.3;e;79.36;e;79.4;e;79.45;e;79.48;e;79.5;e;79.55;e;79.57;e;79.6;e;79.63;e;79.68;e;79.69;e;79.72;e;79.75;e;79.77;e;79.8;e;79.82;e;79.84;e;79.86;e;79.88;e;79.89;e;79.91;e;79.93;e;79.95;e;79.96;e;79.98;e;79.98;e;80;e;80.01;e;80.02;e
2 Jahre;75.23;75.36;e;75.56;e;75.76;e;75.91;e;76.07;e;76.21;e;76.34;e;76.46;e;76.55;e;76.65;e;76.7;e;76.8;e;76.9;e;76.99;e;77.06;e;77.14;e;77.19;e;77.25;e;77.33;e;77.44;e;77.5;e;77.59;e;77.73;e;77.83;e;77.88;e;77.94;e;78.03;e;78.09;e;78.15;e;78.21;e;78.25;e;78.31;e;78.35;e;78.4;e;78.44;e;78.48;e;78.51;e;78.54;e;78.58;e;78.6;e;78.64;e;78.66;e;78.7;e;78.72;e;78.75;e;78.78;e;78.8;e;78.83;e;78.84;e;78.86;e;78.88;e;78.9;e;78.92;e;78.93;e;78.95;e;78.97;e;78.98;e;78.99;e;79;e;79.01;e;79.02;e;79.03;e
3 Jahre;74.33;74.46;e;74.66;e;74.85;e;74.99;e;75.15;e;75.28;e;75.42;e;75.54;e;75.62;e;75.72;e;75.77;e;75.87;e;75.96;e;76.05;e;76.11;e;76.19;e;76.25;e;76.3;e;76.38;e;76.48;e;76.54;e;76.62;e;76.77;e;76.87;e;76.92;e;76.98;e;77.07;e;77.13;e;77.18;e;77.24;e;77.29;e;77.34;e;77.37;e;77.42;e;77.46;e;77.5;e;77.53;e;77.56;e;77.6;e;77.62;e;77.65;e;77.68;e;77.72;e;77.74;e;77.77;e;77.79;e;77.81;e;77.84;e;77.85;e;77.87;e;77.89;e;77.92;e;77.93;e;77.94;e;77.96;e;77.98;e;77.99;e;78;e;78.01;e;78.02;e;78.03;e;78.04;e
4 Jahre;73.41;73.53;e;73.72;e;73.92;e;74.06;e;74.21;e;74.35;e;74.48;e;74.6;e;74.69;e;74.78;e;74.82;e;74.92;e;75.01;e;75.09;e;75.16;e;75.24;e;75.29;e;75.34;e;75.42;e;75.51;e;75.57;e;75.65;e;75.79;e;75.9;e;75.95;e;76.01;e;76.09;e;76.15;e;76.2;e;76.26;e;76.31;e;76.36;e;76.38;e;76.44;e;76.48;e;76.52;e;76.55;e;76.57;e;76.61;e;76.63;e;76.66;e;76.69;e;76.73;e;76.75;e;76.78;e;76.81;e;76.82;e;76.85;e;76.86;e;76.88;e;76.9;e;76.92;e;76.94;e;76.95;e;76.97;e;76.99;e;77;e;77.01;e;77.02;e;77.03;e;77.04;e;77.05;e
5 Jahre;72.47;72.59;e;72.78;e;72.97;e;73.11;e;73.27;e;73.41;e;73.53;e;73.65;e;73.73;e;73.82;e;73.87;e;73.96;e;74.06;e;74.13;e;74.2;e;74.27;e;74.32;e;74.37;e;74.45;e;74.54;e;74.6;e;74.68;e;74.82;e;74.92;e;74.97;e;75.03;e;75.11;e;75.17;e;75.22;e;75.27;e;75.32;e;75.37;e;75.4;e;75.45;e;75.49;e;75.53;e;75.56;e;75.59;e;75.62;e;75.65;e;75.67;e;75.7;e;75.74;e;75.76;e;75.79;e;75.81;e;75.83;e;75.86;e;75.87;e;75.89;e;75.91;e;75.93;e;75.95;e;75.96;e;75.98;e;75.99;e;76.01;e;76.02;e;76.03;e;76.04;e;76.05;e;76.06;e
6 Jahre;71.51;71.64;e;71.83;e;72.02;e;72.17;e;72.32;e;72.46;e;72.58;e;72.7;e;72.78;e;72.86;e;72.91;e;73;e;73.09;e;73.17;e;73.23;e;73.3;e;73.35;e;73.39;e;73.47;e;73.56;e;73.62;e;73.7;e;73.84;e;73.94;e;73.99;e;74.04;e;74.12;e;74.19;e;74.23;e;74.28;e;74.34;e;74.38;e;74.41;e;74.46;e;74.5;e;74.54;e;74.57;e;74.6;e;74.63;e;74.66;e;74.68;e;74.71;e;74.75;e;74.77;e;74.8;e;74.82;e;74.84;e;74.86;e;74.88;e;74.9;e;74.92;e;74.94;e;74.95;e;74.97;e;74.99;e;75;e;75.01;e;75.02;e;75.04;e;75.05;e;75.06;e;75.06;e
7 Jahre;70.56;70.69;e;70.88;e;71.07;e;71.22;e;71.37;e;71.5;e;71.62;e;71.74;e;71.82;e;71.9;e;71.94;e;72.03;e;72.12;e;72.2;e;72.26;e;72.32;e;72.37;e;72.41;e;72.49;e;72.58;e;72.64;e;72.72;e;72.86;e;72.96;e;73.01;e;73.06;e;73.14;e;73.2;e;73.25;e;73.29;e;73.35;e;73.39;e;73.42;e;73.47;e;73.51;e;73.55;e;73.58;e;73.6;e;73.63;e;73.67;e;73.69;e;73.72;e;73.76;e;73.78;e;73.8;e;73.83;e;73.85;e;73.87;e;73.89;e;73.91;e;73.93;e;73.94;e;73.96;e;73.98;e;73.99;e;74;e;74.02;e;74.03;e;74.04;e;74.05;e;74.06;e;74.07;e
8 Jahre;69.61;69.73;e;69.92;e;70.11;e;70.26;e;70.41;e;70.54;e;70.65;e;70.77;e;70.85;e;70.93;e;70.97;e;71.07;e;71.15;e;71.23;e;71.29;e;71.34;e;71.39;e;71.43;e;71.51;e;71.6;e;71.67;e;71.74;e;71.87;e;71.97;e;72.02;e;72.07;e;72.15;e;72.21;e;72.26;e;72.3;e;72.36;e;72.4;e;72.43;e;72.48;e;72.52;e;72.55;e;72.59;e;72.61;e;72.64;e;72.67;e;72.7;e;72.72;e;72.76;e;72.79;e;72.81;e;72.84;e;72.85;e;72.88;e;72.9;e;72.92;e;72.93;e;72.95;e;72.97;e;72.98;e;73;e;73.01;e;73.02;e;73.03;e;73.05;e;73.06;e;73.07;e;73.07;e
9 Jahre;68.64;68.76;e;68.96;e;69.15;e;69.29;e;69.44;e;69.57;e;69.68;e;69.8;e;69.88;e;69.96;e;70;e;70.09;e;70.17;e;70.25;e;70.31;e;70.36;e;70.41;e;70.45;e;70.53;e;70.61;e;70.69;e;70.76;e;70.88;e;70.98;e;71.03;e;71.08;e;71.16;e;71.22;e;71.27;e;71.32;e;71.36;e;71.41;e;71.44;e;71.49;e;71.53;e;71.56;e;71.59;e;71.62;e;71.65;e;71.68;e;71.71;e;71.73;e;71.77;e;71.79;e;71.81;e;71.84;e;71.86;e;71.88;e;71.9;e;71.92;e;71.94;e;71.95;e;71.97;e;71.99;e;72;e;72.01;e;72.03;e;72.04;e;72.05;e;72.06;e;72.07;e;72.08;e
10 Jahre;67.68;67.8;e;68;e;68.18;e;68.32;e;68.46;e;68.6;e;68.71;e;68.82;e;68.9;e;68.98;e;69.02;e;69.11;e;69.19;e;69.27;e;69.32;e;69.37;e;69.43;e;69.47;e;69.54;e;69.63;e;69.7;e;69.77;e;69.89;e;69.99;e;70.04;e;70.09;e;70.16;e;70.23;e;70.27;e;70.33;e;70.37;e;70.42;e;70.44;e;70.5;e;70.54;e;70.57;e;70.6;e;70.63;e;70.65;e;70.68;e;70.71;e;70.74;e;70.78;e;70.8;e;70.82;e;70.85;e;70.86;e;70.89;e;70.91;e;70.92;e;70.94;e;70.96;e;70.98;e;70.99;e;71.01;e;71.02;e;71.03;e;71.04;e;71.05;e;71.06;e;71.07;e;71.08;e
11 Jahre;66.71;66.83;e;67.02;e;67.21;e;67.35;e;67.49;e;67.62;e;67.73;e;67.84;e;67.92;e;68.01;e;68.03;e;68.13;e;68.21;e;68.28;e;68.34;e;68.39;e;68.44;e;68.48;e;68.56;e;68.64;e;68.71;e;68.78;e;68.9;e;69;e;69.05;e;69.1;e;69.17;e;69.24;e;69.28;e;69.33;e;69.38;e;69.42;e;69.45;e;69.5;e;69.54;e;69.57;e;69.61;e;69.63;e;69.66;e;69.69;e;69.72;e;69.74;e;69.78;e;69.8;e;69.82;e;69.85;e;69.87;e;69.89;e;69.91;e;69.93;e;69.95;e;69.96;e;69.98;e;70;e;70.01;e;70.02;e;70.04;e;70.05;e;70.06;e;70.07;e;70.08;e;70.09;e
12 Jahre;65.73;65.85;e;66.05;e;66.23;e;66.37;e;66.51;e;66.64;e;66.75;e;66.86;e;66.94;e;67.03;e;67.05;e;67.15;e;67.22;e;67.3;e;67.35;e;67.41;e;67.46;e;67.5;e;67.58;e;67.65;e;67.72;e;67.79;e;67.91;e;68.01;e;68.06;e;68.11;e;68.18;e;68.24;e;68.29;e;68.34;e;68.39;e;68.43;e;68.46;e;68.51;e;68.55;e;68.58;e;68.61;e;68.64;e;68.67;e;68.69;e;68.72;e;68.75;e;68.78;e;68.81;e;68.83;e;68.86;e;68.87;e;68.9;e;68.92;e;68.93;e;68.95;e;68.97;e;68.99;e;69;e;69.02;e;69.03;e;69.04;e;69.05;e;69.06;e;69.07;e;69.08;e;69.09;e
13 Jahre;64.76;64.88;e;65.08;e;65.26;e;65.4;e;65.53;e;65.66;e;65.77;e;65.88;e;65.96;e;66.05;e;66.07;e;66.16;e;66.24;e;66.31;e;66.37;e;66.42;e;66.47;e;66.51;e;66.59;e;66.66;e;66.73;e;66.8;e;66.93;e;67.02;e;67.07;e;67.12;e;67.19;e;67.26;e;67.3;e;67.35;e;67.4;e;67.44;e;67.46;e;67.52;e;67.56;e;67.59;e;67.62;e;67.64;e;67.67;e;67.7;e;67.73;e;67.75;e;67.79;e;67.81;e;67.84;e;67.86;e;67.88;e;67.9;e;67.92;e;67.94;e;67.96;e;67.98;e;67.99;e;68.01;e;68.02;e;68.03;e;68.05;e;68.06;e;68.07;e;68.08;e;68.09;e;68.1;e
14 Jahre;63.79;63.91;e;64.1;e;64.28;e;64.42;e;64.56;e;64.69;e;64.79;e;64.9;e;64.98;e;65.07;e;65.09;e;65.18;e;65.25;e;65.33;e;65.38;e;65.44;e;65.48;e;65.53;e;65.6;e;65.68;e;65.75;e;65.81;e;65.94;e;66.03;e;66.08;e;66.14;e;66.21;e;66.27;e;66.31;e;66.36;e;66.41;e;66.45;e;66.47;e;66.52;e;66.56;e;66.6;e;66.63;e;66.65;e;66.68;e;66.71;e;66.73;e;66.76;e;66.79;e;66.82;e;66.84;e;66.87;e;66.89;e;66.91;e;66.93;e;66.95;e;66.97;e;66.98;e;67;e;67.01;e;67.03;e;67.04;e;67.05;e;67.06;e;67.07;e;67.08;e;67.09;e;67.1;e
15 Jahre;62.82;62.94;e;63.13;e;63.31;e;63.45;e;63.58;e;63.71;e;63.82;e;63.93;e;64;e;64.09;e;64.11;e;64.2;e;64.28;e;64.34;e;64.4;e;64.46;e;64.5;e;64.54;e;64.62;e;64.69;e;64.76;e;64.83;e;64.96;e;65.04;e;65.09;e;65.15;e;65.22;e;65.28;e;65.32;e;65.37;e;65.42;e;65.46;e;65.48;e;65.53;e;65.57;e;65.6;e;65.64;e;65.66;e;65.69;e;65.71;e;65.74;e;65.77;e;65.8;e;65.83;e;65.85;e;65.87;e;65.9;e;65.92;e;65.94;e;65.96;e;65.97;e;65.99;e;66.01;e;66.02;e;66.03;e;66.05;e;66.06;e;66.07;e;66.08;e;66.09;e;66.1;e;66.11;e
16 Jahre;61.86;61.98;e;62.17;e;62.35;e;62.49;e;62.62;e;62.75;e;62.85;e;62.96;e;63.02;e;63.11;e;63.13;e;63.23;e;63.3;e;63.37;e;63.42;e;63.48;e;63.52;e;63.57;e;63.64;e;63.71;e;63.78;e;63.85;e;63.97;e;64.06;e;64.11;e;64.17;e;64.23;e;64.29;e;64.33;e;64.38;e;64.43;e;64.47;e;64.5;e;64.54;e;64.58;e;64.62;e;64.65;e;64.67;e;64.7;e;64.72;e;64.75;e;64.78;e;64.81;e;64.84;e;64.86;e;64.89;e;64.91;e;64.93;e;64.95;e;64.97;e;64.98;e;65;e;65.02;e;65.03;e;65.04;e;65.06;e;65.07;e;65.08;e;65.09;e;65.1;e;65.11;e;65.12;e
17 Jahre;60.93;61.05;e;61.23;e;61.41;e;61.54;e;61.67;e;61.8;e;61.9;e;62;e;62.06;e;62.15;e;62.17;e;62.26;e;62.33;e;62.4;e;62.46;e;62.51;e;62.56;e;62.6;e;62.68;e;62.75;e;62.81;e;62.87;e;63;e;63.09;e;63.13;e;63.19;e;63.26;e;63.31;e;63.35;e;63.4;e;63.45;e;63.49;e;63.51;e;63.56;e;63.6;e;63.63;e;63.67;e;63.68;e;63.71;e;63.74;e;63.77;e;63.8;e;63.83;e;63.85;e;63.88;e;63.9;e;63.92;e;63.94;e;63.96;e;63.98;e;64;e;64.01;e;64.03;e;64.04;e;64.06;e;64.07;e;64.08;e;64.09;e;64.1;e;64.11;e;64.12;e;64.13;e
18 Jahre;60.01;60.12;e;60.3;e;60.48;e;60.61;e;60.73;e;60.86;e;60.95;e;61.05;e;61.11;e;61.2;e;61.22;e;61.31;e;61.38;e;61.45;e;61.5;e;61.55;e;61.6;e;61.64;e;61.71;e;61.79;e;61.85;e;61.91;e;62.03;e;62.12;e;62.16;e;62.21;e;62.28;e;62.34;e;62.37;e;62.42;e;62.47;e;62.51;e;62.54;e;62.58;e;62.62;e;62.65;e;62.68;e;62.7;e;62.73;e;62.76;e;62.78;e;62.81;e;62.84;e;62.87;e;62.89;e;62.91;e;62.94;e;62.96;e;62.98;e;62.99;e;63.01;e;63.03;e;63.04;e;63.06;e;63.07;e;63.08;e;63.09;e;63.1;e;63.11;e;63.12;e;63.13;e;63.14;e
19 Jahre;59.11;59.21;e;59.39;e;59.57;e;59.69;e;59.81;e;59.92;e;60.02;e;60.11;e;60.17;e;60.26;e;60.28;e;60.37;e;60.45;e;60.52;e;60.57;e;60.62;e;60.67;e;60.71;e;60.78;e;60.85;e;60.91;e;60.97;e;61.08;e;61.16;e;61.2;e;61.25;e;61.31;e;61.37;e;61.4;e;61.45;e;61.5;e;61.54;e;61.56;e;61.6;e;61.64;e;61.67;e;61.71;e;61.73;e;61.75;e;61.78;e;61.81;e;61.84;e;61.86;e;61.89;e;61.91;e;61.93;e;61.95;e;61.97;e;61.99;e;62.01;e;62.03;e;62.04;e;62.06;e;62.07;e;62.09;e;62.1;e;62.11;e;62.12;e;62.13;e;62.14;e;62.15;e;62.15;e
20 Jahre;58.21;58.31;e;58.48;e;58.65;e;58.78;e;58.88;e;58.99;e;59.09;e;59.17;e;59.23;e;59.32;e;59.35;e;59.44;e;59.52;e;59.59;e;59.64;e;59.68;e;59.74;e;59.77;e;59.83;e;59.9;e;59.97;e;60.02;e;60.13;e;60.2;e;60.24;e;60.29;e;60.35;e;60.4;e;60.43;e;60.49;e;60.53;e;60.56;e;60.59;e;60.63;e;60.66;e;60.7;e;60.73;e;60.75;e;60.78;e;60.81;e;60.83;e;60.86;e;60.88;e;60.91;e;60.93;e;60.95;e;60.98;e;61;e;61.01;e;61.03;e;61.05;e;61.06;e;61.08;e;61.09;e;61.1;e;61.12;e;61.13;e;61.14;e;61.15;e;61.16;e;61.16;e;61.17;e
21 Jahre;57.3;57.4;e;57.57;e;57.73;e;57.85;e;57.95;e;58.06;e;58.16;e;58.23;e;58.3;e;58.39;e;58.41;e;58.51;e;58.58;e;58.65;e;58.7;e;58.75;e;58.8;e;58.83;e;58.89;e;58.96;e;59.02;e;59.07;e;59.17;e;59.24;e;59.28;e;59.33;e;59.38;e;59.43;e;59.47;e;59.52;e;59.56;e;59.59;e;59.62;e;59.66;e;59.69;e;59.72;e;59.76;e;59.78;e;59.8;e;59.83;e;59.86;e;59.88;e;59.91;e;59.93;e;59.96;e;59.98;e;60;e;60.02;e;60.04;e;60.05;e;60.07;e;60.08;e;60.1;e;60.11;e;60.12;e;60.14;e;60.15;e;60.16;e;60.17;e;60.17;e;60.18;e;60.19;e
22 Jahre;56.38;56.48;e;56.64;e;56.8;e;56.91;e;57.01;e;57.12;e;57.22;e;57.3;e;57.36;e;57.45;e;57.48;e;57.57;e;57.64;e;57.71;e;57.75;e;57.8;e;57.85;e;57.89;e;57.94;e;58.01;e;58.07;e;58.11;e;58.21;e;58.28;e;58.31;e;58.36;e;58.41;e;58.47;e;58.5;e;58.54;e;58.58;e;58.62;e;58.64;e;58.68;e;58.71;e;58.75;e;58.78;e;58.8;e;58.83;e;58.86;e;58.88;e;58.91;e;58.93;e;58.96;e;58.98;e;59;e;59.02;e;59.04;e;59.06;e;59.08;e;59.09;e;59.11;e;59.12;e;59.13;e;59.15;e;59.16;e;59.17;e;59.18;e;59.19;e;59.19;e;59.2;e;59.21;e
23 Jahre;55.45;55.55;e;55.71;e;55.86;e;55.97;e;56.07;e;56.17;e;56.28;e;56.36;e;56.43;e;56.51;e;56.54;e;56.63;e;56.7;e;56.76;e;56.8;e;56.86;e;56.9;e;56.94;e;56.99;e;57.05;e;57.11;e;57.15;e;57.25;e;57.31;e;57.35;e;57.39;e;57.44;e;57.5;e;57.52;e;57.57;e;57.61;e;57.65;e;57.67;e;57.71;e;57.74;e;57.77;e;57.8;e;57.83;e;57.86;e;57.88;e;57.91;e;57.93;e;57.96;e;57.98;e;58;e;58.03;e;58.05;e;58.06;e;58.08;e;58.1;e;58.11;e;58.13;e;58.14;e;58.15;e;58.17;e;58.18;e;58.19;e;58.2;e;58.21;e;58.21;e;58.22;e;58.23;e
24 Jahre;54.52;54.61;e;54.77;e;54.91;e;55.03;e;55.12;e;55.23;e;55.34;e;55.42;e;55.49;e;55.57;e;55.59;e;55.69;e;55.76;e;55.82;e;55.85;e;55.91;e;55.95;e;55.98;e;56.04;e;56.09;e;56.15;e;56.18;e;56.28;e;56.34;e;56.37;e;56.42;e;56.48;e;56.52;e;56.55;e;56.6;e;56.63;e;56.67;e;56.7;e;56.73;e;56.76;e;56.8;e;56.82;e;56.85;e;56.88;e;56.91;e;56.93;e;56.96;e;56.98;e;57.01;e;57.03;e;57.05;e;57.07;e;57.09;e;57.1;e;57.12;e;57.14;e;57.15;e;57.16;e;57.18;e;57.19;e;57.2;e;57.21;e;57.22;e;57.23;e;57.23;e;57.24;e;57.25;e
25 Jahre;53.59;53.67;e;53.83;e;53.97;e;54.09;e;54.18;e;54.29;e;54.39;e;54.48;e;54.55;e;54.63;e;54.65;e;54.73;e;54.8;e;54.86;e;54.9;e;54.96;e;54.99;e;55.02;e;55.08;e;55.13;e;55.18;e;55.22;e;55.31;e;55.37;e;55.41;e;55.46;e;55.5;e;55.55;e;55.58;e;55.62;e;55.66;e;55.69;e;55.72;e;55.76;e;55.79;e;55.82;e;55.85;e;55.88;e;55.91;e;55.93;e;55.96;e;55.98;e;56.01;e;56.03;e;56.05;e;56.07;e;56.09;e;56.11;e;56.12;e;56.14;e;56.16;e;56.17;e;56.18;e;56.2;e;56.21;e;56.22;e;56.23;e;56.24;e;56.24;e;56.25;e;56.26;e;56.27;e
26 Jahre;52.64;52.72;e;52.88;e;53.02;e;53.14;e;53.24;e;53.35;e;53.45;e;53.53;e;53.6;e;53.68;e;53.7;e;53.78;e;53.85;e;53.91;e;53.94;e;54;e;54.03;e;54.06;e;54.11;e;54.16;e;54.22;e;54.25;e;54.34;e;54.4;e;54.44;e;54.48;e;54.53;e;54.58;e;54.6;e;54.65;e;54.68;e;54.72;e;54.75;e;54.78;e;54.81;e;54.84;e;54.87;e;54.9;e;54.93;e;54.96;e;54.98;e;55.01;e;55.03;e;55.05;e;55.07;e;55.09;e;55.11;e;55.13;e;55.15;e;55.16;e;55.18;e;55.19;e;55.2;e;55.21;e;55.23;e;55.24;e;55.25;e;55.25;e;55.26;e;55.27;e;55.28;e;55.28;e
27 Jahre;51.7;51.78;e;51.94;e;52.08;e;52.2;e;52.3;e;52.4;e;52.5;e;52.58;e;52.64;e;52.72;e;52.74;e;52.83;e;52.89;e;52.95;e;52.98;e;53.04;e;53.07;e;53.1;e;53.15;e;53.2;e;53.25;e;53.28;e;53.37;e;53.43;e;53.47;e;53.51;e;53.56;e;53.6;e;53.63;e;53.67;e;53.71;e;53.74;e;53.77;e;53.81;e;53.84;e;53.87;e;53.9;e;53.92;e;53.95;e;53.98;e;54;e;54.03;e;54.05;e;54.07;e;54.09;e;54.11;e;54.13;e;54.15;e;54.17;e;54.18;e;54.2;e;54.21;e;54.22;e;54.23;e;54.24;e;54.26;e;54.26;e;54.27;e;54.28;e;54.29;e;54.3;e;54.3;e
28 Jahre;50.75;50.83;e;50.99;e;51.14;e;51.26;e;51.35;e;51.46;e;51.55;e;51.64;e;51.69;e;51.77;e;51.78;e;51.87;e;51.94;e;51.98;e;52.02;e;52.07;e;52.11;e;52.13;e;52.18;e;52.23;e;52.28;e;52.32;e;52.4;e;52.46;e;52.5;e;52.54;e;52.59;e;52.63;e;52.65;e;52.7;e;52.73;e;52.76;e;52.8;e;52.83;e;52.86;e;52.89;e;52.92;e;52.95;e;52.97;e;53;e;53.03;e;53.05;e;53.07;e;53.09;e;53.11;e;53.13;e;53.15;e;53.17;e;53.19;e;53.2;e;53.22;e;53.23;e;53.24;e;53.25;e;53.26;e;53.27;e;53.28;e;53.29;e;53.3;e;53.31;e;53.31;e;53.32;e
29 Jahre;49.8;49.88;e;50.05;e;50.2;e;50.31;e;50.4;e;50.51;e;50.61;e;50.69;e;50.74;e;50.81;e;50.83;e;50.91;e;50.97;e;51.02;e;51.06;e;51.11;e;51.14;e;51.16;e;51.21;e;51.26;e;51.31;e;51.35;e;51.43;e;51.49;e;51.52;e;51.56;e;51.61;e;51.65;e;51.68;e;51.72;e;51.75;e;51.79;e;51.82;e;51.85;e;51.88;e;51.91;e;51.94;e;51.97;e;52;e;52.02;e;52.05;e;52.07;e;52.09;e;52.11;e;52.14;e;52.15;e;52.17;e;52.19;e;52.21;e;52.22;e;52.24;e;52.25;e;52.26;e;52.27;e;52.28;e;52.29;e;52.3;e;52.31;e;52.32;e;52.32;e;52.33;e;52.34;e
30 Jahre;48.86;48.95;e;49.11;e;49.25;e;49.37;e;49.46;e;49.57;e;49.65;e;49.73;e;49.78;e;49.85;e;49.87;e;49.95;e;50.01;e;50.06;e;50.1;e;50.14;e;50.17;e;50.2;e;50.24;e;50.3;e;50.35;e;50.38;e;50.46;e;50.51;e;50.56;e;50.59;e;50.64;e;50.68;e;50.71;e;50.74;e;50.78;e;50.81;e;50.85;e;50.88;e;50.91;e;50.94;e;50.97;e;50.99;e;51.02;e;51.05;e;51.07;e;51.09;e;51.12;e;51.14;e;51.16;e;51.18;e;51.19;e;51.21;e;51.23;e;51.24;e;51.26;e;51.27;e;51.28;e;51.29;e;51.3;e;51.31;e;51.32;e;51.33;e;51.34;e;51.34;e;51.35;e;51.36;e
31 Jahre;47.93;48.01;e;48.17;e;48.31;e;48.43;e;48.51;e;48.61;e;48.7;e;48.78;e;48.83;e;48.89;e;48.91;e;48.99;e;49.04;e;49.09;e;49.13;e;49.17;e;49.2;e;49.23;e;49.28;e;49.33;e;49.38;e;49.41;e;49.49;e;49.54;e;49.58;e;49.62;e;49.66;e;49.7;e;49.73;e;49.77;e;49.81;e;49.84;e;49.87;e;49.9;e;49.93;e;49.96;e;49.99;e;50.02;e;50.05;e;50.07;e;50.09;e;50.12;e;50.14;e;50.16;e;50.18;e;50.2;e;50.22;e;50.23;e;50.25;e;50.26;e;50.28;e;50.29;e;50.3;e;50.31;e;50.32;e;50.33;e;50.34;e;50.35;e;50.36;e;50.36;e;50.37;e;50.38;e
32 Jahre;46.99;47.08;e;47.23;e;47.37;e;47.48;e;47.56;e;47.66;e;47.75;e;47.82;e;47.87;e;47.93;e;47.95;e;48.03;e;48.08;e;48.13;e;48.17;e;48.2;e;48.24;e;48.27;e;48.31;e;48.36;e;48.41;e;48.45;e;48.53;e;48.57;e;48.61;e;48.65;e;48.69;e;48.73;e;48.76;e;48.8;e;48.83;e;48.87;e;48.9;e;48.93;e;48.96;e;48.99;e;49.02;e;49.05;e;49.07;e;49.1;e;49.12;e;49.14;e;49.16;e;49.18;e;49.2;e;49.22;e;49.24;e;49.26;e;49.27;e;49.29;e;49.3;e;49.31;e;49.32;e;49.34;e;49.35;e;49.35;e;49.36;e;49.37;e;49.38;e;49.38;e;49.39;e;49.4;e
33 Jahre;46.06;46.14;e;46.29;e;46.43;e;46.54;e;46.61;e;46.71;e;46.79;e;46.86;e;46.91;e;46.97;e;46.98;e;47.07;e;47.12;e;47.16;e;47.2;e;47.24;e;47.27;e;47.31;e;47.35;e;47.4;e;47.44;e;47.48;e;47.56;e;47.6;e;47.64;e;47.68;e;47.72;e;47.76;e;47.79;e;47.83;e;47.86;e;47.9;e;47.93;e;47.96;e;47.99;e;48.02;e;48.05;e;48.07;e;48.1;e;48.12;e;48.15;e;48.17;e;48.19;e;48.21;e;48.23;e;48.25;e;48.27;e;48.28;e;48.3;e;48.31;e;48.32;e;48.34;e;48.35;e;48.36;e;48.37;e;48.38;e;48.39;e;48.39;e;48.4;e;48.41;e;48.41;e;48.42;e
34 Jahre;45.13;45.2;e;45.35;e;45.48;e;45.59;e;45.66;e;45.75;e;45.83;e;45.9;e;45.95;e;46.01;e;46.02;e;46.1;e;46.15;e;46.2;e;46.24;e;46.28;e;46.31;e;46.34;e;46.38;e;46.43;e;46.48;e;46.51;e;46.6;e;46.64;e;46.67;e;46.71;e;46.75;e;46.79;e;46.82;e;46.86;e;46.89;e;46.93;e;46.96;e;46.99;e;47.02;e;47.05;e;47.08;e;47.1;e;47.13;e;47.15;e;47.17;e;47.2;e;47.22;e;47.24;e;47.26;e;47.28;e;47.29;e;47.31;e;47.32;e;47.34;e;47.35;e;47.36;e;47.37;e;47.38;e;47.39;e;47.4;e;47.41;e;47.42;e;47.42;e;47.43;e;47.44;e;47.44;e
35 Jahre;44.2;44.26;e;44.41;e;44.54;e;44.64;e;44.71;e;44.8;e;44.88;e;44.95;e;45;e;45.05;e;45.06;e;45.14;e;45.18;e;45.23;e;45.27;e;45.31;e;45.35;e;45.37;e;45.42;e;45.47;e;45.51;e;45.55;e;45.63;e;45.67;e;45.71;e;45.75;e;45.79;e;45.82;e;45.86;e;45.89;e;45.93;e;45.96;e;45.99;e;46.02;e;46.05;e;46.08;e;46.11;e;46.13;e;46.16;e;46.18;e;46.2;e;46.23;e;46.25;e;46.27;e;46.29;e;46.3;e;46.32;e;46.34;e;46.35;e;46.37;e;46.38;e;46.39;e;46.4;e;46.41;e;46.42;e;46.43;e;46.44;e;46.44;e;46.45;e;46.46;e;46.46;e;46.47;e
36 Jahre;43.26;43.33;e;43.47;e;43.59;e;43.69;e;43.76;e;43.85;e;43.93;e;43.99;e;44.04;e;44.09;e;44.1;e;44.18;e;44.23;e;44.27;e;44.31;e;44.35;e;44.39;e;44.41;e;44.46;e;44.51;e;44.55;e;44.59;e;44.66;e;44.7;e;44.75;e;44.78;e;44.82;e;44.86;e;44.9;e;44.93;e;44.96;e;45;e;45.03;e;45.06;e;45.09;e;45.11;e;45.14;e;45.17;e;45.19;e;45.22;e;45.24;e;45.26;e;45.28;e;45.3;e;45.32;e;45.34;e;45.35;e;45.37;e;45.38;e;45.4;e;45.41;e;45.42;e;45.43;e;45.44;e;45.45;e;45.46;e;45.47;e;45.47;e;45.48;e;45.48;e;45.49;e;45.49;e
37 Jahre;42.33;42.4;e;42.53;e;42.65;e;42.74;e;42.81;e;42.9;e;42.97;e;43.04;e;43.08;e;43.13;e;43.14;e;43.22;e;43.27;e;43.31;e;43.35;e;43.39;e;43.42;e;43.45;e;43.5;e;43.55;e;43.59;e;43.62;e;43.7;e;43.75;e;43.79;e;43.83;e;43.86;e;43.9;e;43.94;e;43.97;e;44;e;44.04;e;44.07;e;44.1;e;44.12;e;44.15;e;44.18;e;44.2;e;44.23;e;44.25;e;44.27;e;44.29;e;44.31;e;44.33;e;44.35;e;44.37;e;44.39;e;44.4;e;44.42;e;44.43;e;44.44;e;44.45;e;44.46;e;44.47;e;44.48;e;44.49;e;44.5;e;44.5;e;44.51;e;44.51;e;44.52;e;44.52;e
38 Jahre;41.39;41.46;e;41.59;e;41.71;e;41.8;e;41.86;e;41.95;e;42.02;e;42.08;e;42.13;e;42.17;e;42.19;e;42.26;e;42.31;e;42.35;e;42.39;e;42.42;e;42.46;e;42.5;e;42.54;e;42.59;e;42.63;e;42.67;e;42.75;e;42.79;e;42.83;e;42.87;e;42.91;e;42.94;e;42.98;e;43.01;e;43.04;e;43.08;e;43.11;e;43.14;e;43.16;e;43.19;e;43.22;e;43.24;e;43.27;e;43.29;e;43.31;e;43.33;e;43.35;e;43.37;e;43.39;e;43.41;e;43.42;e;43.44;e;43.45;e;43.46;e;43.48;e;43.49;e;43.5;e;43.51;e;43.51;e;43.52;e;43.53;e;43.54;e;43.54;e;43.55;e;43.55;e;43.55;e
39 Jahre;40.46;40.53;e;40.66;e;40.76;e;40.86;e;40.92;e;41;e;41.07;e;41.13;e;41.17;e;41.22;e;41.24;e;41.31;e;41.35;e;41.39;e;41.43;e;41.47;e;41.5;e;41.54;e;41.59;e;41.63;e;41.67;e;41.71;e;41.8;e;41.84;e;41.88;e;41.91;e;41.95;e;41.99;e;42.02;e;42.06;e;42.09;e;42.12;e;42.15;e;42.18;e;42.21;e;42.23;e;42.26;e;42.28;e;42.31;e;42.33;e;42.35;e;42.37;e;42.39;e;42.41;e;42.43;e;42.44;e;42.46;e;42.47;e;42.49;e;42.5;e;42.51;e;42.52;e;42.53;e;42.54;e;42.55;e;42.56;e;42.56;e;42.57;e;42.58;e;42.58;e;42.58;e;42.59;e
40 Jahre;39.53;39.6;e;39.72;e;39.83;e;39.92;e;39.97;e;40.06;e;40.12;e;40.18;e;40.22;e;40.26;e;40.28;e;40.35;e;40.4;e;40.44;e;40.47;e;40.51;e;40.55;e;40.59;e;40.63;e;40.68;e;40.72;e;40.76;e;40.85;e;40.89;e;40.93;e;40.96;e;41;e;41.04;e;41.07;e;41.1;e;41.14;e;41.17;e;41.2;e;41.22;e;41.25;e;41.28;e;41.3;e;41.33;e;41.35;e;41.37;e;41.39;e;41.41;e;41.43;e;41.45;e;41.47;e;41.49;e;41.5;e;41.51;e;41.53;e;41.54;e;41.55;e;41.56;e;41.57;e;41.58;e;41.59;e;41.6;e;41.6;e;41.61;e;41.61;e;41.62;e;41.62;e;41.62;e
41 Jahre;38.6;38.67;e;38.79;e;38.89;e;38.98;e;39.04;e;39.12;e;39.17;e;39.23;e;39.27;e;39.31;e;39.34;e;39.4;e;39.45;e;39.49;e;39.53;e;39.56;e;39.6;e;39.64;e;39.68;e;39.73;e;39.77;e;39.81;e;39.9;e;39.94;e;39.98;e;40.01;e;40.05;e;40.09;e;40.12;e;40.15;e;40.18;e;40.21;e;40.24;e;40.27;e;40.3;e;40.32;e;40.35;e;40.37;e;40.4;e;40.42;e;40.44;e;40.46;e;40.48;e;40.5;e;40.51;e;40.53;e;40.54;e;40.56;e;40.57;e;40.58;e;40.59;e;40.6;e;40.61;e;40.62;e;40.63;e;40.63;e;40.64;e;40.65;e;40.65;e;40.65;e;40.66;e;40.66;e
42 Jahre;37.68;37.75;e;37.86;e;37.96;e;38.04;e;38.1;e;38.17;e;38.23;e;38.29;e;38.32;e;38.37;e;38.39;e;38.45;e;38.5;e;38.54;e;38.58;e;38.62;e;38.65;e;38.7;e;38.74;e;38.78;e;38.83;e;38.87;e;38.95;e;38.99;e;39.03;e;39.07;e;39.1;e;39.14;e;39.17;e;39.2;e;39.24;e;39.27;e;39.29;e;39.32;e;39.35;e;39.37;e;39.4;e;39.42;e;39.44;e;39.47;e;39.49;e;39.51;e;39.52;e;39.54;e;39.56;e;39.57;e;39.59;e;39.6;e;39.61;e;39.63;e;39.64;e;39.65;e;39.66;e;39.66;e;39.67;e;39.68;e;39.68;e;39.69;e;39.69;e;39.7;e;39.7;e;39.7;e
43 Jahre;36.76;36.83;e;36.94;e;37.03;e;37.11;e;37.16;e;37.23;e;37.29;e;37.35;e;37.38;e;37.42;e;37.45;e;37.51;e;37.55;e;37.59;e;37.63;e;37.67;e;37.7;e;37.75;e;37.8;e;37.84;e;37.89;e;37.93;e;38.01;e;38.05;e;38.09;e;38.12;e;38.16;e;38.19;e;38.23;e;38.26;e;38.29;e;38.32;e;38.35;e;38.38;e;38.4;e;38.43;e;38.45;e;38.47;e;38.5;e;38.52;e;38.54;e;38.56;e;38.57;e;38.59;e;38.61;e;38.62;e;38.64;e;38.65;e;38.66;e;38.67;e;38.68;e;38.69;e;38.7;e;38.71;e;38.71;e;38.72;e;38.73;e;38.73;e;38.73;e;38.74;e;38.74;e;38.74;e
44 Jahre;35.85;35.91;e;36.01;e;36.11;e;36.18;e;36.23;e;36.3;e;36.35;e;36.41;e;36.44;e;36.48;e;36.51;e;36.56;e;36.61;e;36.65;e;36.69;e;36.73;e;36.77;e;36.82;e;36.86;e;36.91;e;36.95;e;36.99;e;37.07;e;37.11;e;37.15;e;37.18;e;37.22;e;37.25;e;37.29;e;37.32;e;37.35;e;37.38;e;37.4;e;37.43;e;37.46;e;37.48;e;37.5;e;37.53;e;37.55;e;37.57;e;37.59;e;37.61;e;37.63;e;37.64;e;37.66;e;37.67;e;37.69;e;37.7;e;37.71;e;37.72;e;37.73;e;37.74;e;37.75;e;37.76;e;37.76;e;37.77;e;37.77;e;37.78;e;37.78;e;37.78;e;37.79;e;37.79;e
45 Jahre;34.94;35;e;35.1;e;35.18;e;35.26;e;35.3;e;35.37;e;35.42;e;35.48;e;35.5;e;35.55;e;35.58;e;35.63;e;35.68;e;35.71;e;35.75;e;35.8;e;35.84;e;35.88;e;35.93;e;35.97;e;36.02;e;36.06;e;36.14;e;36.17;e;36.21;e;36.25;e;36.28;e;36.31;e;36.35;e;36.38;e;36.41;e;36.44;e;36.46;e;36.49;e;36.52;e;36.54;e;36.56;e;36.58;e;36.61;e;36.63;e;36.65;e;36.66;e;36.68;e;36.7;e;36.71;e;36.73;e;36.74;e;36.75;e;36.76;e;36.77;e;36.78;e;36.79;e;36.8;e;36.81;e;36.81;e;36.82;e;36.82;e;36.83;e;36.83;e;36.83;e;36.83;e;36.83;e
46 Jahre;34.03;34.09;e;34.18;e;34.27;e;34.34;e;34.38;e;34.45;e;34.5;e;34.55;e;34.58;e;34.62;e;34.65;e;34.7;e;34.74;e;34.78;e;34.82;e;34.87;e;34.91;e;34.96;e;35;e;35.04;e;35.09;e;35.13;e;35.21;e;35.24;e;35.28;e;35.31;e;35.35;e;35.38;e;35.41;e;35.44;e;35.47;e;35.5;e;35.53;e;35.55;e;35.58;e;35.6;e;35.62;e;35.65;e;35.67;e;35.69;e;35.71;e;35.72;e;35.74;e;35.76;e;35.77;e;35.78;e;35.8;e;35.81;e;35.82;e;35.83;e;35.84;e;35.85;e;35.85;e;35.86;e;35.87;e;35.87;e;35.87;e;35.88;e;35.88;e;35.88;e;35.88;e;35.88;e
47 Jahre;33.13;33.18;e;33.27;e;33.35;e;33.42;e;33.46;e;33.53;e;33.58;e;33.62;e;33.65;e;33.69;e;33.72;e;33.77;e;33.81;e;33.85;e;33.9;e;33.94;e;33.99;e;34.03;e;34.08;e;34.12;e;34.16;e;34.2;e;34.28;e;34.32;e;34.35;e;34.39;e;34.42;e;34.45;e;34.48;e;34.51;e;34.54;e;34.57;e;34.6;e;34.62;e;34.65;e;34.67;e;34.69;e;34.71;e;34.73;e;34.75;e;34.77;e;34.79;e;34.8;e;34.82;e;34.83;e;34.85;e;34.86;e;34.87;e;34.88;e;34.89;e;34.9;e;34.91;e;34.91;e;34.92;e;34.92;e;34.93;e;34.93;e;34.93;e;34.94;e;34.94;e;34.94;e;34.94;e
48 Jahre;32.23;32.28;e;32.37;e;32.45;e;32.51;e;32.55;e;32.61;e;32.66;e;32.7;e;32.73;e;32.77;e;32.8;e;32.84;e;32.89;e;32.93;e;32.98;e;33.03;e;33.07;e;33.12;e;33.16;e;33.2;e;33.24;e;33.28;e;33.36;e;33.39;e;33.43;e;33.46;e;33.5;e;33.53;e;33.56;e;33.59;e;33.62;e;33.64;e;33.67;e;33.69;e;33.72;e;33.74;e;33.76;e;33.78;e;33.8;e;33.82;e;33.84;e;33.86;e;33.87;e;33.89;e;33.9;e;33.91;e;33.92;e;33.93;e;33.94;e;33.95;e;33.96;e;33.97;e;33.97;e;33.98;e;33.98;e;33.99;e;33.99;e;33.99;e;34;e;34;e;34;e;34;e
49 Jahre;31.34;31.39;e;31.48;e;31.54;e;31.6;e;31.64;e;31.7;e;31.75;e;31.79;e;31.82;e;31.86;e;31.89;e;31.93;e;31.98;e;32.03;e;32.07;e;32.12;e;32.16;e;32.2;e;32.25;e;32.29;e;32.33;e;32.37;e;32.44;e;32.48;e;32.51;e;32.55;e;32.58;e;32.61;e;32.64;e;32.67;e;32.7;e;32.72;e;32.75;e;32.77;e;32.8;e;32.82;e;32.84;e;32.86;e;32.88;e;32.9;e;32.91;e;32.93;e;32.94;e;32.96;e;32.97;e;32.98;e;33;e;33.01;e;33.01;e;33.02;e;33.03;e;33.04;e;33.04;e;33.05;e;33.05;e;33.05;e;33.06;e;33.06;e;33.06;e;33.06;e;33.06;e;33.06;e
50 Jahre;30.45;30.5;e;30.58;e;30.65;e;30.7;e;30.74;e;30.8;e;30.84;e;30.88;e;30.91;e;30.94;e;30.99;e;31.03;e;31.08;e;31.12;e;31.17;e;31.21;e;31.26;e;31.3;e;31.34;e;31.38;e;31.42;e;31.46;e;31.53;e;31.57;e;31.6;e;31.64;e;31.67;e;31.7;e;31.73;e;31.76;e;31.78;e;31.81;e;31.83;e;31.86;e;31.88;e;31.9;e;31.92;e;31.94;e;31.96;e;31.98;e;31.99;e;32.01;e;32.02;e;32.04;e;32.05;e;32.06;e;32.07;e;32.08;e;32.09;e;32.1;e;32.1;e;32.11;e;32.12;e;32.12;e;32.12;e;32.13;e;32.13;e;32.13;e;32.13;e;32.13;e;32.13;e;32.13;e
51 Jahre;29.57;29.62;e;29.7;e;29.75;e;29.81;e;29.85;e;29.9;e;29.95;e;29.98;e;30.01;e;30.05;e;30.09;e;30.14;e;30.18;e;30.23;e;30.27;e;30.32;e;30.36;e;30.4;e;30.44;e;30.48;e;30.52;e;30.56;e;30.63;e;30.67;e;30.7;e;30.73;e;30.76;e;30.79;e;30.82;e;30.85;e;30.87;e;30.9;e;30.92;e;30.95;e;30.97;e;30.99;e;31.01;e;31.03;e;31.05;e;31.06;e;31.08;e;31.09;e;31.11;e;31.12;e;31.13;e;31.14;e;31.15;e;31.16;e;31.17;e;31.18;e;31.18;e;31.19;e;31.19;e;31.2;e;31.2;e;31.2;e;31.2;e;31.2;e;31.2;e;31.2;e;31.2;e;31.2;e
52 Jahre;28.7;28.74;e;28.82;e;28.87;e;28.92;e;28.96;e;29.01;e;29.05;e;29.08;e;29.12;e;29.16;e;29.21;e;29.25;e;29.29;e;29.34;e;29.38;e;29.43;e;29.47;e;29.51;e;29.55;e;29.59;e;29.63;e;29.66;e;29.74;e;29.77;e;29.8;e;29.83;e;29.86;e;29.89;e;29.92;e;29.95;e;29.97;e;30;e;30.02;e;30.04;e;30.07;e;30.09;e;30.1;e;30.12;e;30.14;e;30.16;e;30.17;e;30.19;e;30.2;e;30.21;e;30.22;e;30.23;e;30.24;e;30.25;e;30.26;e;30.26;e;30.27;e;30.27;e;30.28;e;30.28;e;30.28;e;30.28;e;30.29;e;30.29;e;30.29;e;30.29;e;30.29;e;30.29;e
53 Jahre;27.84;27.87;e;27.94;e;28;e;28.04;e;28.07;e;28.12;e;28.16;e;28.2;e;28.24;e;28.28;e;28.33;e;28.37;e;28.41;e;28.46;e;28.5;e;28.54;e;28.58;e;28.62;e;28.66;e;28.7;e;28.74;e;28.78;e;28.85;e;28.88;e;28.91;e;28.94;e;28.97;e;29;e;29.03;e;29.05;e;29.08;e;29.1;e;29.13;e;29.15;e;29.17;e;29.19;e;29.21;e;29.22;e;29.24;e;29.26;e;29.27;e;29.28;e;29.3;e;29.31;e;29.32;e;29.33;e;29.34;e;29.34;e;29.35;e;29.36;e;29.36;e;29.37;e;29.37;e;29.37;e;29.37;e;29.37;e;29.37;e;29.37;e;29.37;e;29.37;e;29.37;e;29.37;e
54 Jahre;26.98;27.02;e;27.08;e;27.12;e;27.17;e;27.2;e;27.24;e;27.28;e;27.33;e;27.37;e;27.41;e;27.45;e;27.5;e;27.54;e;27.58;e;27.62;e;27.67;e;27.71;e;27.75;e;27.79;e;27.82;e;27.86;e;27.9;e;27.97;e;28;e;28.03;e;28.06;e;28.09;e;28.12;e;28.14;e;28.17;e;28.19;e;28.22;e;28.24;e;28.26;e;28.28;e;28.3;e;28.31;e;28.33;e;28.35;e;28.36;e;28.38;e;28.39;e;28.4;e;28.41;e;28.42;e;28.43;e;28.44;e;28.44;e;28.45;e;28.46;e;28.46;e;28.46;e;28.47;e;28.47;e;28.47;e;28.47;e;28.47;e;28.47;e;28.47;e;28.47;e;28.47;e;28.47;e
55 Jahre;26.14;26.16;e;26.22;e;26.27;e;26.3;e;26.33;e;26.38;e;26.42;e;26.46;e;26.51;e;26.55;e;26.59;e;26.63;e;26.67;e;26.72;e;26.76;e;26.8;e;26.84;e;26.88;e;26.92;e;26.95;e;26.99;e;27.03;e;27.09;e;27.12;e;27.16;e;27.18;e;27.21;e;27.24;e;27.26;e;27.29;e;27.31;e;27.34;e;27.36;e;27.38;e;27.4;e;27.41;e;27.43;e;27.45;e;27.46;e;27.47;e;27.49;e;27.5;e;27.51;e;27.52;e;27.53;e;27.54;e;27.55;e;27.55;e;27.56;e;27.56;e;27.56;e;27.57;e;27.57;e;27.57;e;27.57;e;27.57;e;27.57;e;27.57;e;27.57;e;27.57;e;27.57;e;27.57;e
56 Jahre;25.29;25.32;e;25.37;e;25.41;e;25.44;e;25.48;e;25.53;e;25.57;e;25.61;e;25.65;e;25.69;e;25.74;e;25.78;e;25.82;e;25.86;e;25.9;e;25.94;e;25.98;e;26.02;e;26.06;e;26.09;e;26.13;e;26.16;e;26.23;e;26.26;e;26.29;e;26.32;e;26.34;e;26.37;e;26.4;e;26.42;e;26.44;e;26.46;e;26.48;e;26.5;e;26.52;e;26.54;e;26.55;e;26.57;e;26.58;e;26.6;e;26.61;e;26.62;e;26.63;e;26.64;e;26.65;e;26.65;e;26.66;e;26.67;e;26.67;e;26.67;e;26.68;e;26.68;e;26.68;e;26.68;e;26.68;e;26.68;e;26.68;e;26.68;e;26.68;e;26.68;e;26.68;e;26.68;e
57 Jahre;24.46;24.48;e;24.53;e;24.57;e;24.6;e;24.64;e;24.69;e;24.73;e;24.77;e;24.81;e;24.85;e;24.89;e;24.93;e;24.97;e;25.01;e;25.05;e;25.09;e;25.13;e;25.17;e;25.2;e;25.24;e;25.27;e;25.31;e;25.37;e;25.4;e;25.43;e;25.46;e;25.49;e;25.51;e;25.53;e;25.56;e;25.58;e;25.6;e;25.62;e;25.64;e;25.66;e;25.67;e;25.69;e;25.7;e;25.71;e;25.73;e;25.74;e;25.75;e;25.76;e;25.77;e;25.77;e;25.78;e;25.79;e;25.79;e;25.79;e;25.8;e;25.8;e;25.8;e;25.8;e;25.8;e;25.8;e;25.8;e;25.8;e;25.8;e;25.8;e;25.8;e;25.8;e;25.8;e
58 Jahre;23.64;23.66;e;23.69;e;23.73;e;23.77;e;23.81;e;23.86;e;23.9;e;23.94;e;23.98;e;24.02;e;24.06;e;24.1;e;24.13;e;24.17;e;24.21;e;24.25;e;24.29;e;24.33;e;24.36;e;24.4;e;24.43;e;24.47;e;24.53;e;24.56;e;24.58;e;24.61;e;24.64;e;24.66;e;24.68;e;24.71;e;24.73;e;24.75;e;24.77;e;24.78;e;24.8;e;24.82;e;24.83;e;24.84;e;24.86;e;24.87;e;24.88;e;24.89;e;24.9;e;24.9;e;24.91;e;24.92;e;24.92;e;24.92;e;24.93;e;24.93;e;24.93;e;24.93;e;24.93;e;24.93;e;24.93;e;24.93;e;24.93;e;24.93;e;24.93;e;24.93;e;24.93;e;24.93;e
59 Jahre;22.81;22.83;e;22.88;e;22.92;e;22.96;e;23;e;23.04;e;23.08;e;23.12;e;23.16;e;23.19;e;23.23;e;23.27;e;23.31;e;23.35;e;23.39;e;23.43;e;23.46;e;23.5;e;23.53;e;23.57;e;23.6;e;23.63;e;23.69;e;23.72;e;23.75;e;23.78;e;23.8;e;23.82;e;23.85;e;23.87;e;23.89;e;23.91;e;23.92;e;23.94;e;23.96;e;23.97;e;23.99;e;24;e;24.01;e;24.02;e;24.03;e;24.04;e;24.05;e;24.05;e;24.06;e;24.06;e;24.07;e;24.07;e;24.07;e;24.07;e;24.07;e;24.07;e;24.07;e;24.07;e;24.07;e;24.07;e;24.07;e;24.07;e;24.07;e;24.07;e;24.07;e;24.07;e
60 Jahre;22;22.03;e;22.08;e;22.12;e;22.16;e;22.19;e;22.23;e;22.27;e;22.31;e;22.35;e;22.39;e;22.42;e;22.46;e;22.5;e;22.54;e;22.58;e;22.61;e;22.65;e;22.69;e;22.72;e;22.75;e;22.79;e;22.82;e;22.88;e;22.9;e;22.93;e;22.95;e;22.98;e;23;e;23.02;e;23.04;e;23.06;e;23.08;e;23.1;e;23.11;e;23.13;e;23.14;e;23.15;e;23.17;e;23.18;e;23.19;e;23.19;e;23.2;e;23.21;e;23.21;e;23.22;e;23.22;e;23.23;e;23.23;e;23.23;e;23.23;e;23.23;e;23.23;e;23.23;e;23.23;e;23.23;e;23.23;e;23.23;e;23.23;e;23.23;e;23.23;e;23.23;e;23.23;e
61 Jahre;21.21;21.25;e;21.29;e;21.33;e;21.37;e;21.41;e;21.44;e;21.48;e;21.52;e;21.56;e;21.59;e;21.63;e;21.67;e;21.7;e;21.74;e;21.78;e;21.82;e;21.85;e;21.89;e;21.92;e;21.95;e;21.98;e;22.01;e;22.07;e;22.1;e;22.12;e;22.15;e;22.17;e;22.19;e;22.21;e;22.23;e;22.25;e;22.27;e;22.28;e;22.3;e;22.31;e;22.32;e;22.34;e;22.35;e;22.36;e;22.37;e;22.37;e;22.38;e;22.39;e;22.39;e;22.39;e;22.4;e;22.4;e;22.4;e;22.4;e;22.4;e;22.4;e;22.4;e;22.4;e;22.4;e;22.4;e;22.4;e;22.4;e;22.4;e;22.4;e;22.4;e;22.4;e;22.4;e
62 Jahre;20.44;20.48;e;20.52;e;20.56;e;20.59;e;20.63;e;20.67;e;20.71;e;20.74;e;20.78;e;20.82;e;20.85;e;20.89;e;20.92;e;20.96;e;21;e;21.03;e;21.07;e;21.1;e;21.13;e;21.16;e;21.2;e;21.23;e;21.28;e;21.31;e;21.33;e;21.35;e;21.38;e;21.4;e;21.42;e;21.44;e;21.45;e;21.47;e;21.48;e;21.5;e;21.51;e;21.52;e;21.53;e;21.54;e;21.55;e;21.56;e;21.57;e;21.57;e;21.58;e;21.58;e;21.58;e;21.59;e;21.59;e;21.59;e;21.59;e;21.59;e;21.59;e;21.59;e;21.59;e;21.59;e;21.59;e;21.59;e;21.59;e;21.59;e;21.59;e;21.59;e;21.59;e;21.59;e
63 Jahre;19.69;19.73;e;19.76;e;19.8;e;19.84;e;19.87;e;19.91;e;19.94;e;19.98;e;20.02;e;20.05;e;20.09;e;20.12;e;20.16;e;20.19;e;20.23;e;20.26;e;20.3;e;20.33;e;20.36;e;20.39;e;20.42;e;20.45;e;20.51;e;20.53;e;20.56;e;20.58;e;20.6;e;20.62;e;20.64;e;20.66;e;20.67;e;20.69;e;20.7;e;20.71;e;20.73;e;20.74;e;20.75;e;20.76;e;20.76;e;20.77;e;20.78;e;20.78;e;20.79;e;20.79;e;20.79;e;20.79;e;20.79;e;20.79;e;20.79;e;20.79;e;20.79;e;20.79;e;20.79;e;20.79;e;20.79;e;20.79;e;20.79;e;20.79;e;20.79;e;20.79;e;20.79;e;20.79;e
64 Jahre;18.95;18.98;e;19.02;e;19.06;e;19.09;e;19.13;e;19.16;e;19.2;e;19.23;e;19.27;e;19.3;e;19.34;e;19.37;e;19.41;e;19.44;e;19.48;e;19.51;e;19.54;e;19.58;e;19.61;e;19.64;e;19.67;e;19.69;e;19.75;e;19.77;e;19.79;e;19.82;e;19.84;e;19.86;e;19.87;e;19.89;e;19.91;e;19.92;e;19.93;e;19.95;e;19.96;e;19.97;e;19.98;e;19.98;e;19.99;e;20;e;20;e;20.01;e;20.01;e;20.01;e;20.01;e;20.01;e;20.01;e;20.01;e;20.01;e;20.01;e;20.01;e;20.01;e;20.01;e;20.01;e;20.01;e;20.01;e;20.01;e;20.01;e;20.01;e;20.01;e;20.01;e;20.01;e
65 Jahre;18.22;18.26;e;18.29;e;18.33;e;18.36;e;18.4;e;18.43;e;18.47;e;18.5;e;18.53;e;18.57;e;18.6;e;18.64;e;18.67;e;18.7;e;18.74;e;18.77;e;18.8;e;18.84;e;18.87;e;18.9;e;18.92;e;18.95;e;19;e;19.03;e;19.05;e;19.07;e;19.09;e;19.11;e;19.12;e;19.14;e;19.15;e;19.17;e;19.18;e;19.19;e;19.2;e;19.21;e;19.22;e;19.23;e;19.23;e;19.24;e;19.24;e;19.24;e;19.25;e;19.25;e;19.25;e;19.25;e;19.25;e;19.25;e;19.25;e;19.25;e;19.25;e;19.25;e;19.25;e;19.25;e;19.25;e;19.25;e;19.25;e;19.25;e;19.25;e;19.25;e;19.25;e;19.25;e
66 Jahre;17.51;17.54;e;17.58;e;17.61;e;17.64;e;17.68;e;17.71;e;17.75;e;17.78;e;17.81;e;17.85;e;17.88;e;17.91;e;17.95;e;17.98;e;18.01;e;18.05;e;18.08;e;18.11;e;18.14;e;18.17;e;18.2;e;18.22;e;18.27;e;18.29;e;18.32;e;18.34;e;18.35;e;18.37;e;18.39;e;18.4;e;18.42;e;18.43;e;18.44;e;18.45;e;18.46;e;18.47;e;18.48;e;18.48;e;18.49;e;18.49;e;18.49;e;18.5;e;18.5;e;18.5;e;18.5;e;18.5;e;18.5;e;18.5;e;18.5;e;18.5;e;18.5;e;18.5;e;18.5;e;18.5;e;18.5;e;18.5;e;18.5;e;18.5;e;18.5;e;18.5;e;18.5;e;18.5;e
67 Jahre;16.81;16.84;e;16.87;e;16.91;e;16.94;e;16.97;e;17.01;e;17.04;e;17.07;e;17.1;e;17.14;e;17.17;e;17.2;e;17.24;e;17.27;e;17.3;e;17.33;e;17.37;e;17.4;e;17.42;e;17.45;e;17.48;e;17.51;e;17.55;e;17.58;e;17.6;e;17.62;e;17.63;e;17.65;e;17.67;e;17.68;e;17.69;e;17.71;e;17.72;e;17.73;e;17.73;e;17.74;e;17.75;e;17.75;e;17.76;e;17.76;e;17.76;e;17.76;e;17.76;e;17.76;e;17.76;e;17.76;e;17.76;e;17.76;e;17.76;e;17.76;e;17.76;e;17.76;e;17.76;e;17.76;e;17.76;e;17.76;e;17.76;e;17.76;e;17.76;e;17.76;e;17.76;e;17.76;e
68 Jahre;16.12;16.15;e;16.18;e;16.21;e;16.25;e;16.28;e;16.31;e;16.34;e;16.38;e;16.41;e;16.44;e;16.47;e;16.5;e;16.54;e;16.57;e;16.6;e;16.63;e;16.66;e;16.69;e;16.72;e;16.75;e;16.78;e;16.8;e;16.85;e;16.87;e;16.89;e;16.91;e;16.93;e;16.94;e;16.96;e;16.97;e;16.98;e;16.99;e;17;e;17.01;e;17.02;e;17.03;e;17.03;e;17.04;e;17.04;e;17.04;e;17.04;e;17.04;e;17.04;e;17.04;e;17.04;e;17.04;e;17.04;e;17.04;e;17.04;e;17.04;e;17.04;e;17.04;e;17.04;e;17.04;e;17.04;e;17.04;e;17.04;e;17.04;e;17.04;e;17.04;e;17.04;e;17.04;e
69 Jahre;15.44;15.47;e;15.5;e;15.53;e;15.56;e;15.6;e;15.63;e;15.66;e;15.69;e;15.72;e;15.75;e;15.79;e;15.82;e;15.85;e;15.88;e;15.91;e;15.95;e;15.98;e;16.01;e;16.03;e;16.06;e;16.09;e;16.11;e;16.16;e;16.18;e;16.2;e;16.22;e;16.23;e;16.25;e;16.26;e;16.27;e;16.28;e;16.3;e;16.3;e;16.31;e;16.32;e;16.32;e;16.33;e;16.33;e;16.33;e;16.33;e;16.33;e;16.33;e;16.33;e;16.33;e;16.33;e;16.33;e;16.33;e;16.33;e;16.33;e;16.33;e;16.33;e;16.33;e;16.33;e;16.33;e;16.33;e;16.33;e;16.33;e;16.33;e;16.33;e;16.33;e;16.33;e;16.33;e
70 Jahre;14.77;14.8;e;14.83;e;14.86;e;14.89;e;14.92;e;14.96;e;14.99;e;15.02;e;15.05;e;15.08;e;15.11;e;15.14;e;15.18;e;15.21;e;15.24;e;15.27;e;15.3;e;15.33;e;15.36;e;15.38;e;15.41;e;15.43;e;15.48;e;15.5;e;15.52;e;15.53;e;15.55;e;15.56;e;15.58;e;15.59;e;15.6;e;15.61;e;15.62;e;15.62;e;15.63;e;15.63;e;15.64;e;15.64;e;15.64;e;15.64;e;15.64;e;15.64;e;15.64;e;15.64;e;15.64;e;15.64;e;15.64;e;15.64;e;15.64;e;15.64;e;15.64;e;15.64;e;15.64;e;15.64;e;15.64;e;15.64;e;15.64;e;15.64;e;15.64;e;15.64;e;15.64;e;15.64;e
71 Jahre;14.11;14.14;e;14.17;e;14.2;e;14.23;e;14.26;e;14.29;e;14.33;e;14.36;e;14.39;e;14.42;e;14.45;e;14.48;e;14.51;e;14.54;e;14.57;e;14.61;e;14.63;e;14.66;e;14.69;e;14.72;e;14.74;e;14.76;e;14.81;e;14.83;e;14.85;e;14.86;e;14.88;e;14.89;e;14.9;e;14.91;e;14.92;e;14.93;e;14.94;e;14.95;e;14.95;e;14.95;e;14.96;e;14.96;e;14.96;e;14.96;e;14.96;e;14.96;e;14.96;e;14.96;e;14.96;e;14.96;e;14.96;e;14.96;e;14.96;e;14.96;e;14.96;e;14.96;e;14.96;e;14.96;e;14.96;e;14.96;e;14.96;e;14.96;e;14.96;e;14.96;e;14.96;e;14.96;e
72 Jahre;13.46;13.49;e;13.52;e;13.55;e;13.58;e;13.61;e;13.64;e;13.67;e;13.7;e;13.73;e;13.76;e;13.8;e;13.83;e;13.86;e;13.89;e;13.92;e;13.95;e;13.98;e;14.01;e;14.03;e;14.06;e;14.08;e;14.11;e;14.15;e;14.17;e;14.18;e;14.2;e;14.21;e;14.23;e;14.24;e;14.25;e;14.26;e;14.26;e;14.27;e;14.28;e;14.28;e;14.28;e;14.28;e;14.28;e;14.28;e;14.28;e;14.28;e;14.28;e;14.28;e;14.28;e;14.28;e;14.28;e;14.28;e;14.28;e;14.28;e;14.28;e;14.28;e;14.28;e;14.28;e;14.28;e;14.28;e;14.28;e;14.28;e;14.28;e;14.28;e;14.28;e;14.28;e;14.28;e
73 Jahre;12.82;12.85;e;12.88;e;12.91;e;12.94;e;12.97;e;13;e;13.03;e;13.06;e;13.09;e;13.12;e;13.15;e;13.18;e;13.21;e;13.24;e;13.27;e;13.3;e;13.33;e;13.36;e;13.38;e;13.41;e;13.43;e;13.45;e;13.5;e;13.51;e;13.53;e;13.54;e;13.56;e;13.57;e;13.58;e;13.59;e;13.6;e;13.6;e;13.61;e;13.61;e;13.62;e;13.62;e;13.62;e;13.62;e;13.62;e;13.62;e;13.62;e;13.62;e;13.62;e;13.62;e;13.62;e;13.62;e;13.62;e;13.62;e;13.62;e;13.62;e;13.62;e;13.62;e;13.62;e;13.62;e;13.62;e;13.62;e;13.62;e;13.62;e;13.62;e;13.62;e;13.62;e;13.62;e
74 Jahre;12.19;12.22;e;12.25;e;12.28;e;12.31;e;12.34;e;12.37;e;12.4;e;12.43;e;12.46;e;12.49;e;12.51;e;12.54;e;12.57;e;12.6;e;12.63;e;12.66;e;12.69;e;12.72;e;12.74;e;12.77;e;12.79;e;12.81;e;12.85;e;12.87;e;12.88;e;12.9;e;12.91;e;12.92;e;12.93;e;12.94;e;12.95;e;12.95;e;12.96;e;12.96;e;12.96;e;12.96;e;12.96;e;12.96;e;12.96;e;12.96;e;12.96;e;12.96;e;12.96;e;12.96;e;12.96;e;12.96;e;12.96;e;12.96;e;12.96;e;12.96;e;12.96;e;12.96;e;12.96;e;12.96;e;12.96;e;12.96;e;12.96;e;12.96;e;12.96;e;12.96;e;12.96;e;12.96;e
75 Jahre;11.57;11.6;e;11.63;e;11.66;e;11.69;e;11.71;e;11.74;e;11.77;e;11.8;e;11.83;e;11.86;e;11.89;e;11.92;e;11.95;e;11.98;e;12.01;e;12.04;e;12.06;e;12.09;e;12.11;e;12.14;e;12.16;e;12.18;e;12.22;e;12.23;e;12.25;e;12.26;e;12.27;e;12.28;e;12.29;e;12.3;e;12.3;e;12.31;e;12.31;e;12.31;e;12.31;e;12.31;e;12.31;e;12.31;e;12.31;e;12.31;e;12.31;e;12.31;e;12.31;e;12.31;e;12.31;e;12.31;e;12.31;e;12.31;e;12.31;e;12.31;e;12.31;e;12.31;e;12.31;e;12.31;e;12.31;e;12.31;e;12.31;e;12.31;e;12.31;e;12.31;e;12.31;e;12.31;e
76 Jahre;10.96;10.99;e;11.02;e;11.05;e;11.07;e;11.1;e;11.13;e;11.16;e;11.19;e;11.22;e;11.24;e;11.27;e;11.3;e;11.33;e;11.36;e;11.39;e;11.42;e;11.44;e;11.47;e;11.49;e;11.52;e;11.54;e;11.56;e;11.59;e;11.61;e;11.62;e;11.63;e;11.65;e;11.65;e;11.66;e;11.67;e;11.67;e;11.67;e;11.68;e;11.68;e;11.68;e;11.68;e;11.68;e;11.68;e;11.68;e;11.68;e;11.68;e;11.68;e;11.68;e;11.68;e;11.68;e;11.68;e;11.68;e;11.68;e;11.68;e;11.68;e;11.68;e;11.68;e;11.68;e;11.68;e;11.68;e;11.68;e;11.68;e;11.68;e;11.68;e;11.68;e;11.68;e;11.68;e
77 Jahre;10.36;10.39;e;10.42;e;10.44;e;10.47;e;10.5;e;10.53;e;10.55;e;10.58;e;10.61;e;10.64;e;10.67;e;10.7;e;10.72;e;10.75;e;10.78;e;10.81;e;10.83;e;10.86;e;10.88;e;10.91;e;10.93;e;10.95;e;10.98;e;10.99;e;11.01;e;11.02;e;11.03;e;11.03;e;11.04;e;11.05;e;11.05;e;11.05;e;11.05;e;11.05;e;11.05;e;11.05;e;11.05;e;11.05;e;11.05;e;11.05;e;11.05;e;11.05;e;11.05;e;11.05;e;11.05;e;11.05;e;11.05;e;11.05;e;11.05;e;11.05;e;11.05;e;11.05;e;11.05;e;11.05;e;11.05;e;11.05;e;11.05;e;11.05;e;11.05;e;11.05;e;11.05;e;11.05;e
78 Jahre;9.77;9.8;e;9.83;e;9.85;e;9.88;e;9.91;e;9.93;e;9.96;e;9.99;e;10.02;e;10.04;e;10.07;e;10.1;e;10.13;e;10.16;e;10.18;e;10.21;e;10.24;e;10.26;e;10.28;e;10.31;e;10.33;e;10.34;e;10.38;e;10.39;e;10.4;e;10.41;e;10.42;e;10.42;e;10.43;e;10.43;e;10.43;e;10.43;e;10.43;e;10.43;e;10.43;e;10.43;e;10.43;e;10.43;e;10.43;e;10.43;e;10.43;e;10.43;e;10.43;e;10.43;e;10.43;e;10.43;e;10.43;e;10.43;e;10.43;e;10.43;e;10.43;e;10.43;e;10.43;e;10.43;e;10.43;e;10.43;e;10.43;e;10.43;e;10.43;e;10.43;e;10.43;e;10.43;e
79 Jahre;9.19;9.22;e;9.25;e;9.27;e;9.3;e;9.33;e;9.35;e;9.38;e;9.41;e;9.43;e;9.46;e;9.49;e;9.52;e;9.54;e;9.57;e;9.6;e;9.63;e;9.65;e;9.67;e;9.7;e;9.72;e;9.74;e;9.75;e;9.78;e;9.8;e;9.81;e;9.81;e;9.82;e;9.83;e;9.83;e;9.83;e;9.83;e;9.83;e;9.83;e;9.83;e;9.83;e;9.83;e;9.83;e;9.83;e;9.83;e;9.83;e;9.83;e;9.83;e;9.83;e;9.83;e;9.83;e;9.83;e;9.83;e;9.83;e;9.83;e;9.83;e;9.83;e;9.83;e;9.83;e;9.83;e;9.83;e;9.83;e;9.83;e;9.83;e;9.83;e;9.83;e;9.83;e;9.83;e
80 Jahre;8.63;8.65;e;8.68;e;8.71;e;8.73;e;8.76;e;8.79;e;8.81;e;8.84;e;8.87;e;8.89;e;8.92;e;8.95;e;8.97;e;9;e;9.03;e;9.05;e;9.08;e;9.1;e;9.12;e;9.14;e;9.16;e;9.18;e;9.2;e;9.21;e;9.22;e;9.23;e;9.24;e;9.24;e;9.24;e;9.24;e;9.24;e;9.24;e;9.24;e;9.24;e;9.24;e;9.24;e;9.24;e;9.24;e;9.24;e;9.24;e;9.24;e;9.24;e;9.24;e;9.24;e;9.24;e;9.24;e;9.24;e;9.24;e;9.24;e;9.24;e;9.24;e;9.24;e;9.24;e;9.24;e;9.24;e;9.24;e;9.24;e;9.24;e;9.24;e;9.24;e;9.24;e;9.24;e
81 Jahre;8.08;8.1;e;8.13;e;8.15;e;8.18;e;8.21;e;8.23;e;8.26;e;8.28;e;8.31;e;8.34;e;8.36;e;8.39;e;8.42;e;8.44;e;8.47;e;8.5;e;8.52;e;8.54;e;8.56;e;8.58;e;8.6;e;8.61;e;8.64;e;8.65;e;8.66;e;8.66;e;8.67;e;8.67;e;8.67;e;8.67;e;8.67;e;8.67;e;8.67;e;8.67;e;8.67;e;8.67;e;8.67;e;8.67;e;8.67;e;8.67;e;8.67;e;8.67;e;8.67;e;8.67;e;8.67;e;8.67;e;8.67;e;8.67;e;8.67;e;8.67;e;8.67;e;8.67;e;8.67;e;8.67;e;8.67;e;8.67;e;8.67;e;8.67;e;8.67;e;8.67;e;8.67;e;8.67;e
82 Jahre;7.55;7.57;e;7.6;e;7.62;e;7.65;e;7.67;e;7.7;e;7.72;e;7.75;e;7.77;e;7.8;e;7.82;e;7.85;e;7.88;e;7.9;e;7.93;e;7.95;e;7.98;e;8;e;8.02;e;8.04;e;8.05;e;8.07;e;8.09;e;8.1;e;8.1;e;8.11;e;8.11;e;8.11;e;8.11;e;8.11;e;8.11;e;8.11;e;8.11;e;8.11;e;8.11;e;8.11;e;8.11;e;8.11;e;8.11;e;8.11;e;8.11;e;8.11;e;8.11;e;8.11;e;8.11;e;8.11;e;8.11;e;8.11;e;8.11;e;8.11;e;8.11;e;8.11;e;8.11;e;8.11;e;8.11;e;8.11;e;8.11;e;8.11;e;8.11;e;8.11;e;8.11;e;8.11;e
83 Jahre;7.03;7.06;e;7.08;e;7.11;e;7.13;e;7.16;e;7.18;e;7.21;e;7.23;e;7.26;e;7.28;e;7.31;e;7.33;e;7.36;e;7.38;e;7.41;e;7.43;e;7.46;e;7.48;e;7.49;e;7.51;e;7.53;e;7.54;e;7.56;e;7.57;e;7.57;e;7.57;e;7.57;e;7.57;e;7.57;e;7.57;e;7.57;e;7.57;e;7.57;e;7.57;e;7.57;e;7.57;e;7.57;e;7.57;e;7.57;e;7.57;e;7.57;e;7.57;e;7.57;e;7.57;e;7.57;e;7.57;e;7.57;e;7.57;e;7.57;e;7.57;e;7.57;e;7.57;e;7.57;e;7.57;e;7.57;e;7.57;e;7.57;e;7.57;e;7.57;e;7.57;e;7.57;e;7.57;e
84 Jahre;6.54;6.57;e;6.59;e;6.61;e;6.64;e;6.66;e;6.69;e;6.71;e;6.74;e;6.76;e;6.79;e;6.81;e;6.84;e;6.86;e;6.88;e;6.91;e;6.93;e;6.96;e;6.98;e;6.99;e;7.01;e;7.02;e;7.03;e;7.05;e;7.06;e;7.06;e;7.06;e;7.06;e;7.06;e;7.06;e;7.06;e;7.06;e;7.06;e;7.06;e;7.06;e;7.06;e;7.06;e;7.06;e;7.06;e;7.06;e;7.06;e;7.06;e;7.06;e;7.06;e;7.06;e;7.06;e;7.06;e;7.06;e;7.06;e;7.06;e;7.06;e;7.06;e;7.06;e;7.06;e;7.06;e;7.06;e;7.06;e;7.06;e;7.06;e;7.06;e;7.06;e;7.06;e;7.06;e
85 Jahre;6.08;6.1;e;6.12;e;6.15;e;6.17;e;6.19;e;6.22;e;6.24;e;6.27;e;6.29;e;6.31;e;6.34;e;6.36;e;6.39;e;6.41;e;6.44;e;6.46;e;6.48;e;6.5;e;6.52;e;6.53;e;6.54;e;6.55;e;6.57;e;6.57;e;6.57;e;6.57;e;6.57;e;6.57;e;6.57;e;6.57;e;6.57;e;6.57;e;6.57;e;6.57;e;6.57;e;6.57;e;6.57;e;6.57;e;6.57;e;6.57;e;6.57;e;6.57;e;6.57;e;6.57;e;6.57;e;6.57;e;6.57;e;6.57;e;6.57;e;6.57;e;6.57;e;6.57;e;6.57;e;6.57;e;6.57;e;6.57;e;6.57;e;6.57;e;6.57;e;6.57;e;6.57;e;6.57;e
86 Jahre;5.64;5.66;e;5.68;e;5.71;e;5.73;e;5.75;e;5.78;e;5.8;e;5.82;e;5.85;e;5.87;e;5.89;e;5.92;e;5.94;e;5.96;e;5.99;e;6.01;e;6.03;e;6.05;e;6.06;e;6.08;e;6.09;e;6.09;e;6.1;e;6.1;e;6.1;e;6.1;e;6.1;e;6.1;e;6.1;e;6.1;e;6.1;e;6.1;e;6.1;e;6.1;e;6.1;e;6.1;e;6.1;e;6.1;e;6.1;e;6.1;e;6.1;e;6.1;e;6.1;e;6.1;e;6.1;e;6.1;e;6.1;e;6.1;e;6.1;e;6.1;e;6.1;e;6.1;e;6.1;e;6.1;e;6.1;e;6.1;e;6.1;e;6.1;e;6.1;e;6.1;e;6.1;e;6.1;e
87 Jahre;5.22;5.25;e;5.27;e;5.29;e;5.31;e;5.34;e;5.36;e;5.38;e;5.4;e;5.43;e;5.45;e;5.47;e;5.5;e;5.52;e;5.54;e;5.56;e;5.59;e;5.61;e;5.62;e;5.64;e;5.65;e;5.66;e;5.66;e;5.67;e;5.67;e;5.67;e;5.67;e;5.67;e;5.67;e;5.67;e;5.67;e;5.67;e;5.67;e;5.67;e;5.67;e;5.67;e;5.67;e;5.67;e;5.67;e;5.67;e;5.67;e;5.67;e;5.67;e;5.67;e;5.67;e;5.67;e;5.67;e;5.67;e;5.67;e;5.67;e;5.67;e;5.67;e;5.67;e;5.67;e;5.67;e;5.67;e;5.67;e;5.67;e;5.67;e;5.67;e;5.67;e;5.67;e;5.67;e
88 Jahre;4.84;4.86;e;4.88;e;4.9;e;4.93;e;4.95;e;4.97;e;4.99;e;5.01;e;5.04;e;5.06;e;5.08;e;5.1;e;5.13;e;5.15;e;5.17;e;5.19;e;5.21;e;5.22;e;5.24;e;5.24;e;5.25;e;5.25;e;5.25;e;5.25;e;5.25;e;5.25;e;5.25;e;5.25;e;5.25;e;5.25;e;5.25;e;5.25;e;5.25;e;5.25;e;5.25;e;5.25;e;5.25;e;5.25;e;5.25;e;5.25;e;5.25;e;5.25;e;5.25;e;5.25;e;5.25;e;5.25;e;5.25;e;5.25;e;5.25;e;5.25;e;5.25;e;5.25;e;5.25;e;5.25;e;5.25;e;5.25;e;5.25;e;5.25;e;5.25;e;5.25;e;5.25;e;5.25;e
89 Jahre;4.48;4.5;e;4.52;e;4.55;e;4.57;e;4.59;e;4.61;e;4.63;e;4.65;e;4.67;e;4.69;e;4.72;e;4.74;e;4.76;e;4.78;e;4.8;e;4.82;e;4.84;e;4.85;e;4.86;e;4.87;e;4.87;e;4.87;e;4.87;e;4.87;e;4.87;e;4.87;e;4.87;e;4.87;e;4.87;e;4.87;e;4.87;e;4.87;e;4.87;e;4.87;e;4.87;e;4.87;e;4.87;e;4.87;e;4.87;e;4.87;e;4.87;e;4.87;e;4.87;e;4.87;e;4.87;e;4.87;e;4.87;e;4.87;e;4.87;e;4.87;e;4.87;e;4.87;e;4.87;e;4.87;e;4.87;e;4.87;e;4.87;e;4.87;e;4.87;e;4.87;e;4.87;e;4.87;e
90 Jahre;4.15;4.17;e;4.19;e;4.21;e;4.23;e;4.25;e;4.27;e;4.29;e;4.31;e;4.34;e;4.36;e;4.38;e;4.4;e;4.42;e;4.44;e;4.46;e;4.48;e;4.49;e;4.5;e;4.51;e;4.51;e;4.51;e;4.51;e;4.51;e;4.51;e;4.51;e;4.51;e;4.51;e;4.51;e;4.51;e;4.51;e;4.51;e;4.51;e;4.51;e;4.51;e;4.51;e;4.51;e;4.51;e;4.51;e;4.51;e;4.51;e;4.51;e;4.51;e;4.51;e;4.51;e;4.51;e;4.51;e;4.51;e;4.51;e;4.51;e;4.51;e;4.51;e;4.51;e;4.51;e;4.51;e;4.51;e;4.51;e;4.51;e;4.51;e;4.51;e;4.51;e;4.51;e;4.51;e
91 Jahre;3.85;3.87;e;3.89;e;3.91;e;3.93;e;3.95;e;3.96;e;3.98;e;4;e;4.02;e;4.04;e;4.06;e;4.08;e;4.1;e;4.12;e;4.14;e;4.16;e;4.17;e;4.18;e;4.18;e;4.18;e;4.18;e;4.18;e;4.18;e;4.18;e;4.18;e;4.18;e;4.18;e;4.18;e;4.18;e;4.18;e;4.18;e;4.18;e;4.18;e;4.18;e;4.18;e;4.18;e;4.18;e;4.18;e;4.18;e;4.18;e;4.18;e;4.18;e;4.18;e;4.18;e;4.18;e;4.18;e;4.18;e;4.18;e;4.18;e;4.18;e;4.18;e;4.18;e;4.18;e;4.18;e;4.18;e;4.18;e;4.18;e;4.18;e;4.18;e;4.18;e;4.18;e;4.18;e
92 Jahre;3.57;3.59;e;3.61;e;3.62;e;3.64;e;3.66;e;3.68;e;3.7;e;3.72;e;3.73;e;3.75;e;3.77;e;3.79;e;3.81;e;3.83;e;3.85;e;3.87;e;3.87;e;3.88;e;3.88;e;3.88;e;3.88;e;3.88;e;3.88;e;3.88;e;3.88;e;3.88;e;3.88;e;3.88;e;3.88;e;3.88;e;3.88;e;3.88;e;3.88;e;3.88;e;3.88;e;3.88;e;3.88;e;3.88;e;3.88;e;3.88;e;3.88;e;3.88;e;3.88;e;3.88;e;3.88;e;3.88;e;3.88;e;3.88;e;3.88;e;3.88;e;3.88;e;3.88;e;3.88;e;3.88;e;3.88;e;3.88;e;3.88;e;3.88;e;3.88;e;3.88;e;3.88;e;3.88;e
93 Jahre;3.31;3.33;e;3.35;e;3.36;e;3.38;e;3.4;e;3.42;e;3.43;e;3.45;e;3.47;e;3.48;e;3.5;e;3.52;e;3.54;e;3.55;e;3.57;e;3.59;e;3.59;e;3.59;e;3.59;e;3.59;e;3.59;e;3.59;e;3.59;e;3.59;e;3.59;e;3.59;e;3.59;e;3.59;e;3.59;e;3.59;e;3.59;e;3.59;e;3.59;e;3.59;e;3.59;e;3.59;e;3.59;e;3.59;e;3.59;e;3.59;e;3.59;e;3.59;e;3.59;e;3.59;e;3.59;e;3.59;e;3.59;e;3.59;e;3.59;e;3.59;e;3.59;e;3.59;e;3.59;e;3.59;e;3.59;e;3.59;e;3.59;e;3.59;e;3.59;e;3.59;e;3.59;e;3.59;e
94 Jahre;3.07;3.09;e;3.11;e;3.12;e;3.14;e;3.15;e;3.17;e;3.19;e;3.2;e;3.22;e;3.23;e;3.25;e;3.27;e;3.28;e;3.3;e;3.31;e;3.33;e;3.33;e;3.33;e;3.33;e;3.33;e;3.33;e;3.33;e;3.33;e;3.33;e;3.33;e;3.33;e;3.33;e;3.33;e;3.33;e;3.33;e;3.33;e;3.33;e;3.33;e;3.33;e;3.33;e;3.33;e;3.33;e;3.33;e;3.33;e;3.33;e;3.33;e;3.33;e;3.33;e;3.33;e;3.33;e;3.33;e;3.33;e;3.33;e;3.33;e;3.33;e;3.33;e;3.33;e;3.33;e;3.33;e;3.33;e;3.33;e;3.33;e;3.33;e;3.33;e;3.33;e;3.33;e;3.33;e
95 Jahre;2.85;2.87;e;2.88;e;2.89;e;2.91;e;2.92;e;2.94;e;2.95;e;2.97;e;2.98;e;2.99;e;3.01;e;3.02;e;3.04;e;3.05;e;3.07;e;3.08;e;3.08;e;3.08;e;3.08;e;3.08;e;3.08;e;3.08;e;3.08;e;3.08;e;3.08;e;3.08;e;3.08;e;3.08;e;3.08;e;3.08;e;3.08;e;3.08;e;3.08;e;3.08;e;3.08;e;3.08;e;3.08;e;3.08;e;3.08;e;3.08;e;3.08;e;3.08;e;3.08;e;3.08;e;3.08;e;3.08;e;3.08;e;3.08;e;3.08;e;3.08;e;3.08;e;3.08;e;3.08;e;3.08;e;3.08;e;3.08;e;3.08;e;3.08;e;3.08;e;3.08;e;3.08;e;3.08;e
96 Jahre;2.65;2.67;e;2.68;e;2.69;e;2.71;e;2.72;e;2.73;e;2.74;e;2.76;e;2.77;e;2.78;e;2.8;e;2.81;e;2.82;e;2.83;e;2.85;e;2.86;e;2.86;e;2.86;e;2.86;e;2.86;e;2.86;e;2.86;e;2.86;e;2.86;e;2.86;e;2.86;e;2.86;e;2.86;e;2.86;e;2.86;e;2.86;e;2.86;e;2.86;e;2.86;e;2.86;e;2.86;e;2.86;e;2.86;e;2.86;e;2.86;e;2.86;e;2.86;e;2.86;e;2.86;e;2.86;e;2.86;e;2.86;e;2.86;e;2.86;e;2.86;e;2.86;e;2.86;e;2.86;e;2.86;e;2.86;e;2.86;e;2.86;e;2.86;e;2.86;e;2.86;e;2.86;e;2.86;e
97 Jahre;2.48;2.49;e;2.5;e;2.51;e;2.53;e;2.54;e;2.55;e;2.56;e;2.57;e;2.58;e;2.6;e;2.61;e;2.62;e;2.63;e;2.64;e;2.65;e;2.67;e;2.67;e;2.67;e;2.67;e;2.67;e;2.67;e;2.67;e;2.67;e;2.67;e;2.67;e;2.67;e;2.67;e;2.67;e;2.67;e;2.67;e;2.67;e;2.67;e;2.67;e;2.67;e;2.67;e;2.67;e;2.67;e;2.67;e;2.67;e;2.67;e;2.67;e;2.67;e;2.67;e;2.67;e;2.67;e;2.67;e;2.67;e;2.67;e;2.67;e;2.67;e;2.67;e;2.67;e;2.67;e;2.67;e;2.67;e;2.67;e;2.67;e;2.67;e;2.67;e;2.67;e;2.67;e;2.67;e
98 Jahre;2.33;2.34;e;2.35;e;2.36;e;2.37;e;2.38;e;2.39;e;2.4;e;2.41;e;2.42;e;2.43;e;2.44;e;2.45;e;2.46;e;2.47;e;2.48;e;2.49;e;2.49;e;2.49;e;2.49;e;2.49;e;2.49;e;2.49;e;2.49;e;2.49;e;2.49;e;2.49;e;2.49;e;2.49;e;2.49;e;2.49;e;2.49;e;2.49;e;2.49;e;2.49;e;2.49;e;2.49;e;2.49;e;2.49;e;2.49;e;2.49;e;2.49;e;2.49;e;2.49;e;2.49;e;2.49;e;2.49;e;2.49;e;2.49;e;2.49;e;2.49;e;2.49;e;2.49;e;2.49;e;2.49;e;2.49;e;2.49;e;2.49;e;2.49;e;2.49;e;2.49;e;2.49;e;2.49;e
99 Jahre;2.19;2.2;e;2.21;e;2.22;e;2.23;e;2.24;e;2.25;e;2.26;e;2.27;e;2.28;e;2.29;e;2.3;e;2.31;e;2.32;e;2.32;e;2.33;e;2.34;e;2.34;e;2.34;e;2.34;e;2.34;e;2.34;e;2.34;e;2.34;e;2.34;e;2.34;e;2.34;e;2.34;e;2.34;e;2.34;e;2.34;e;2.34;e;2.34;e;2.34;e;2.34;e;2.34;e;2.34;e;2.34;e;2.34;e;2.34;e;2.34;e;2.34;e;2.34;e;2.34;e;2.34;e;2.34;e;2.34;e;2.34;e;2.34;e;2.34;e;2.34;e;2.34;e;2.34;e;2.34;e;2.34;e;2.34;e;2.34;e;2.34;e;2.34;e;2.34;e;2.34;e;2.34;e;2.34;e
100 Jahre;2.07;2.08;e;2.09;e;2.1;e;2.11;e;2.11;e;2.12;e;2.13;e;2.14;e;2.15;e;2.16;e;2.17;e;2.18;e;2.19;e;2.19;e;2.2;e;2.21;e;2.21;e;2.21;e;2.21;e;2.21;e;2.21;e;2.21;e;2.21;e;2.21;e;2.21;e;2.21;e;2.21;e;2.21;e;2.21;e;2.21;e;2.21;e;2.21;e;2.21;e;2.21;e;2.21;e;2.21;e;2.21;e;2.21;e;2.21;e;2.21;e;2.21;e;2.21;e;2.21;e;2.21;e;2.21;e;2.21;e;2.21;e;2.21;e;2.21;e;2.21;e;2.21;e;2.21;e;2.21;e;2.21;e;2.21;e;2.21;e;2.21;e;2.21;e;2.21;e;2.21;e;2.21;e;2.21;e
